{"training": {"l_cc": [0.0023730581814278163, 0.011987178670395105, 0.01779230682896908, 0.02289864726242472, 0.025628148318558443, 0.02662556277221588, 0.02706473368815467, 0.02722385373027598, 0.027413584291934967, 0.02751975650059395], "l_exp": [0.35668465153115697, 0.2999657360745258, 0.2839353240904261, 0.27349868514498726, 0.26970235930114494, 0.2686176322034148, 0.26831189823932333, 0.2682648665103756, 0.2680292454410772, 0.2675065063550824], "l_spcon": [0.008936222880858295, 0.020533703801939723, 0.02501359171249339, 0.027479640666212213, 0.027836086671249788, 0.027841168669525716, 0.027827130859626122, 0.027822103870452426, 0.027735385204069925, 0.02772547980984215], "l_illsm": [0.038545072475661996, 0.03069823067329946, 0.019812159209710654, 0.01415666990501226, 0.011346450167112663, 0.009939636638174291, 0.00907270361470883, 0.008431507503522223, 0.008036468063526954, 0.007890118980688638]}, "validation": {"l_cc": [0.01023284811526537, 0.015081595163792372, 0.024673842824995518, 0.029741001315414906, 0.029613487422466278, 0.027199015952646732, 0.025319200940430164, 0.025112662464380264, 0.025704707019031048, 0.025852120481431484], "l_exp": [0.29960018396377563, 0.287401020526886, 0.2631709426641464, 0.2551521584391594, 0.25688864290714264, 0.263233058154583, 0.2681066393852234, 0.2691033333539963, 0.2676467299461365, 0.26724475622177124], "l_spcon": [0.018639770336449146, 0.019623381085693836, 0.02816156391054392, 0.03011339344084263, 0.02845096681267023, 0.025118082761764526, 0.0227292375639081, 0.02211725153028965, 0.022524693049490452, 0.02279543410986662], "l_illsm": [0.04000350274145603, 0.023852256126701832, 0.017011770512908697, 0.012671101838350296, 0.010290239471942186, 0.008636422688141465, 0.007687298813834786, 0.007053967798128724, 0.006879342254251242, 0.0064455673564225435]}}