{"training": {"l_cc": [0.027128340872639187, 0.0263000914796454, 0.027373941370942553, 0.02755443149505824, 0.027547107818612797, 0.02759794449265741, 0.027606713627541406, 0.02766643956944835, 0.027575902678988507, 0.027588989497849443], "l_exp": [0.5600284147457998, 0.2928964196414244, 0.28546681890233616, 0.28345145981331343, 0.28167289373327475, 0.27915848498461676, 0.27858961532350446, 0.2768963044051264, 0.2766724546424678, 0.27515287269822886], "l_spcon": [0.009753170237896394, 0.01945767270737007, 0.019801816460294802, 0.01987644765892478, 0.020012299545475693, 0.0201223970803081, 0.020165434855295986, 0.020263805130466085, 0.02026054385255595, 0.02034215832159656], "l_illsm": [0.13294376866495022, 0.0265696876392257, 0.018784066952276426, 0.01623341421306622, 0.015119201083835519, 0.014285552803976614, 0.013732154365079324, 0.013280915989555785, 0.013095028263318246, 0.013171049873115586], "l_ssim_contrast": [0.1711323857307434, 0.28361948787188923, 0.28749694589708674, 0.28842927979641275, 0.28960701383528165, 0.2912239168511062, 0.2917171257441161, 0.29274992278364836, 0.2926974902387525, 0.2935229510557456]}, "validation": {"l_cc": [0.02305689174681902, 0.02445478644222021, 0.024705734103918076, 0.024907228536903858, 0.025094190146774054, 0.024311525747179985, 0.024576392956078053, 0.02479583863168955, 0.024320989847183228, 0.02568975929170847], "l_exp": [0.27059952914714813, 0.24463573843240738, 0.2465011477470398, 0.24905572831630707, 0.2527782768011093, 0.2598126605153084, 0.25655974447727203, 0.2563183307647705, 0.25579727441072464, 0.2572147324681282], "l_spcon": [0.017886098474264145, 0.019416355527937412, 0.01920091826468706, 0.018894427455961704, 0.01858242880553007, 0.018310795538127422, 0.018399832770228386, 0.018336830660700798, 0.018483391031622887, 0.01827233098447323], "l_illsm": [0.03679869510233402, 0.01963728666305542, 0.015318871941417456, 0.014015540480613708, 0.01336057810112834, 0.011564290151000023, 0.011690236628055573, 0.011382704600691795, 0.010584474075585604, 0.010272500105202198], "l_ssim_contrast": [0.27339279651641846, 0.29360875487327576, 0.290134996175766, 0.2861972153186798, 0.2820552885532379, 0.27737319469451904, 0.278678834438324, 0.27818500995635986, 0.27895137667655945, 0.2774237096309662]}}