{"training": {"l_cc": [0.027465694469445554, 0.09272847723093677, 0.12356038394643636, 0.13560219078523214, 0.14457320595984577, 0.14828063086530224, 0.15132933351226519, 0.1530556802134045, 0.15350451555530556, 0.1537899883677725, 0.15363320738810007, 0.1543179437762401, 0.15444913750789205, 0.15438757320774382, 0.1540206390448281, 0.15334829721660886, 0.15265834099445186, 0.15177756147917176, 0.15090581115152016, 0.14994799510621634], "l_exp": [1.4751315668958132, 0.5644578677220423, 0.3928687488812892, 0.34447954546232695, 0.313198095584502, 0.29605019129202015, 0.2822552374029746, 0.27379597149422913, 0.26586854793742054, 0.25764955409237594, 0.25277764249409806, 0.2485045194015151, 0.24395819344237202, 0.2395919431917003, 0.23576709560927797, 0.23253334121259508, 0.2291864683149291, 0.22636118561762278, 0.2235481969279344, 0.2209588807137286], "l_spcon": [0.0022892121400270643, 0.011207938148472154, 0.01192505685917911, 0.013812001832745602, 0.014826560469313722, 0.015430894283364053, 0.015794546984624666, 0.016100021415069454, 0.016368628219991434, 0.01653665591214524, 0.016702344549483942, 0.016860664226725452, 0.017010350879587112, 0.017166228201545654, 0.017339239736683058, 0.017433106761853227, 0.017570887799145746, 0.017669214256352088, 0.017788598298660068, 0.017895020422388296], "l_illsm": [0.0839532027479078, 0.2548700397620436, 0.21421137012419153, 0.14488585415433664, 0.1171149496660858, 0.10338553786277771, 0.09682849794626236, 0.09260324510883113, 0.09114881207952734, 0.09079131575637177, 0.09030507352264201, 0.08909400784578479, 0.08816980765979798, 0.08767203070589753, 0.08746098977376203, 0.08766594242121352, 0.08769451142823109, 0.08779957133238434, 0.08787764040905921, 0.08805784332703372]}, "validation": {"l_cc": [0.08978854864835739, 0.06889642588794231, 0.0807164441794157, 0.08286497369408607, 0.0856228768825531, 0.0883336253464222, 0.08983177319169044, 0.091835867613554, 0.09366902709007263, 0.09538126736879349, 0.09579605609178543, 0.09511366114020348, 0.09497697278857231, 0.09522267803549767, 0.0951828770339489, 0.09498608857393265, 0.0945003479719162, 0.09427488967776299, 0.0938938707113266, 0.0935698114335537], "l_exp": [0.5325754582881927, 0.357171893119812, 0.30487070977687836, 0.27857527136802673, 0.2660214453935623, 0.25665684789419174, 0.25021056830883026, 0.24369922280311584, 0.23596417158842087, 0.23214983940124512, 0.22868148982524872, 0.22622641175985336, 0.2229401394724846, 0.21956271678209305, 0.2175947204232216, 0.21430964022874832, 0.21152041852474213, 0.20852258801460266, 0.20582026988267899, 0.20373661816120148], "l_spcon": [0.014635390602052212, 0.012817217968404293, 0.014675430487841368, 0.015304053202271461, 0.015725146047770977, 0.016130554489791393, 0.01620894856750965, 0.016315728425979614, 0.01672870758920908, 0.016843507066369057, 0.016934174112975597, 0.01701182685792446, 0.01721065863966942, 0.017434168606996536, 0.017570183612406254, 0.017733464017510414, 0.017879546619951725, 0.018052182160317898, 0.018191393464803696, 0.01835896074771881], "l_illsm": [0.3063191771507263, 0.269125834107399, 0.16934990882873535, 0.12318987771868706, 0.10380956158041954, 0.09234144166111946, 0.08725856617093086, 0.08420678228139877, 0.08254748582839966, 0.08104615285992622, 0.08004777505993843, 0.07869014143943787, 0.07787137478590012, 0.07737896218895912, 0.07691237702965736, 0.07667717710137367, 0.07673100009560585, 0.07683147490024567, 0.07716129347681999, 0.07698430120944977]}}