{"training": {"l_dce": [0.8338629249177996, 0.40710770253275264, 0.3555679499003731, 0.34389178430447814, 0.3379907779639862, 0.3341792511036161, 0.33131424435338036, 0.3286189516303969, 0.3266248955223404, 0.34965628202332827, 0.34965628202332827, 0.34965628202332827, 0.34965628202332827, 0.34965628202332827, 0.34965628202332827, 0.34965628202332827, 0.34965628202332827, 0.34965628202332827, 0.34965628202332827, 0.34965628202332827], "l_noise": [0.027494641488463787, 0.10806254108176856, 0.11652728140384691, 0.11490833447085785, 0.11331128889358923, 0.112460147154319, 0.11182101265542575, 0.11148091207151531, 0.11139793743638964, 0.09953557507547199, 0.09911784393804483, 0.0987982139388313, 0.09855000121274689, 0.09832740779660765, 0.09810233355087579, 0.09789120618895185, 0.09771181660566906, 0.09752420280281393, 0.09734810711663278, 0.09719385589915709]}, "validation": {"l_dce": [0.5778477042913437, 0.3370460793375969, 0.3101293630897999, 0.3016919679939747, 0.29886188358068466, 0.29954493790864944, 0.29714855551719666, 0.2951838821172714, 0.2929399684071541, 0.2929399684071541, 0.2929399684071541, 0.2929399684071541, 0.2929399684071541, 0.2929399684071541, 0.2929399684071541, 0.2929399684071541, 0.2929399684071541, 0.2929399684071541, 0.2929399684071541, 0.2929399684071541], "l_noise": [0.04069619532674551, 0.10957043059170246, 0.10763094387948513, 0.10418829694390297, 0.1010224986821413, 0.09690706804394722, 0.09611224383115768, 0.09575677290558815, 0.09602387063205242, 0.09545466117560863, 0.09515397436916828, 0.09493730030953884, 0.09475387819111347, 0.0945726502686739, 0.0943856742233038, 0.09423721395432949, 0.09408594109117985, 0.09393274411559105, 0.09380492754280567, 0.09369556419551373]}}