{"training": {"l_dce": [0.8048517432857732, 0.32588655080218787, 0.28992656251934706, 0.2795133068546897, 0.2732478601888555, 0.26862446737826845, 0.26548454104388347, 0.26356844836082616, 0.261985860154277, 0.28047343087000925, 0.28047343087000925, 0.28047343087000925, 0.28047343087000925, 0.28047343087000925, 0.28047343087000925, 0.28047343087000925, 0.28047343087000925, 0.28047343087000925, 0.28047343087000925, 0.28047343087000925], "l_noise": [0.0608301469330966, 0.12803084164338766, 0.13027635245721358, 0.12701829224366878, 0.12505940550968783, 0.12388326838368276, 0.12331480955796652, 0.12287518484365256, 0.12266134093591913, 0.10702864371514956, 0.10663601031649064, 0.10630740363486722, 0.10605126005582145, 0.10582724163217135, 0.10561661955854687, 0.10539344026417029, 0.10515237582053562, 0.10493379998494123, 0.10472543639909537, 0.10452582287128831]}, "validation": {"l_dce": [0.48415377736091614, 0.28069237247109413, 0.2665712833404541, 0.2569781243801117, 0.24953817948698997, 0.24850260838866234, 0.24641432985663414, 0.2455521896481514, 0.2453790418803692, 0.2453790418803692, 0.2453790418803692, 0.2453790418803692, 0.2453790418803692, 0.2453790418803692, 0.2453790418803692, 0.2453790418803692, 0.2453790418803692, 0.2453790418803692, 0.2453790418803692, 0.2453790418803692], "l_noise": [0.057475121691823006, 0.11839977279305458, 0.11261724680662155, 0.11037924140691757, 0.11058802343904972, 0.10568203777074814, 0.10470061749219894, 0.10367803648114204, 0.10250980965793133, 0.10207565315067768, 0.10175459086894989, 0.1014713067561388, 0.10125093907117844, 0.10105752944946289, 0.10086813569068909, 0.10063809528946877, 0.10045325942337513, 0.10028243251144886, 0.10011502914130688, 0.0999560821801424]}}