{"training": {"l_cc": [0.0012694977968883488, 0.006273705279454589, 0.01799411858722079, 0.018727937972814333, 0.018517873093455296, 0.018640072054428157, 0.018518206781753508, 0.01847546687349677, 0.018433758202695945, 0.018418398403303057, 0.018415130812247268, 0.018422031362892173, 0.018436018514950744, 0.018443321358778925, 0.018449919408981184, 0.01846544678536717, 0.018481535016421656, 0.018479282540253928, 0.018491778404406103, 0.018516921892487367], "l_exp": [0.38496857930402284, 0.31757134418995653, 0.1438721028141311, 0.11319926411646311, 0.11354230747359698, 0.11324719125862981, 0.11307281096939181, 0.11299220570286767, 0.11301460642306531, 0.11295716433984335, 0.11291378730388939, 0.11282006718340468, 0.11272154449195158, 0.11262078180176313, 0.11253272662641572, 0.11242668355097536, 0.11232290929946744, 0.11224927710460834, 0.11215915659167727, 0.11207226645506796], "l_spcon": [1.7016784918958542e-05, 0.0005199430374365174, 0.010602744683608046, 0.01526533268758508, 0.01520401834830886, 0.01530528726575316, 0.015329296807529496, 0.015313814104091926, 0.015290231703490507, 0.015297119062943537, 0.015286388974942144, 0.015282224314134629, 0.015284885698166049, 0.015286673043594986, 0.015291368237650786, 0.015301545730746184, 0.015307970650371958, 0.015306202801646756, 0.01532043063188674, 0.015331781835707485], "l_illsm": [0.16963196240487646, 0.07450131357449, 0.05165134962709224, 0.02931838904003628, 0.02323073751796953, 0.018944832068852713, 0.0162426321385581, 0.014533811157233402, 0.013203797358103463, 0.012216313566523985, 0.01133148868369763, 0.01063910819834373, 0.010036423901615084, 0.009549699258059263, 0.00912935199735106, 0.008789014483450866, 0.008469085025860638, 0.008207153979322462, 0.007953587186629654, 0.007686137779020384]}, "validation": {"l_cc": [0.001757641730364412, 0.013962229248136282, 0.012840609531849623, 0.012774037197232246, 0.012672953773289919, 0.012387063354253769, 0.012231256812810898, 0.012070122174918652, 0.011902234982699156, 0.011756394058465958, 0.011636595241725445, 0.011528011877089739, 0.0114538399502635, 0.011411000974476337, 0.011362753808498383, 0.011325248517096043, 0.011294705793261528, 0.011255118995904922, 0.011237661819905043, 0.011212726589292288], "l_exp": [0.3587882071733475, 0.2251449003815651, 0.09745385125279427, 0.0939018465578556, 0.09391443431377411, 0.09385881945490837, 0.09377064183354378, 0.09372328594326973, 0.09384187310934067, 0.09390320256352425, 0.09403901174664497, 0.0942334346473217, 0.09429679065942764, 0.09434829652309418, 0.09437769651412964, 0.09438597783446312, 0.09438537061214447, 0.09440621733665466, 0.09438468888401985, 0.09437493979930878], "l_spcon": [5.6450724514434114e-05, 0.0019089385168626904, 0.015144851058721542, 0.017236219719052315, 0.017882968299090862, 0.017682116478681564, 0.017488447949290276, 0.01725186686962843, 0.01701952237635851, 0.016761990264058113, 0.01657497975975275, 0.016401246190071106, 0.016301144380122423, 0.016249842941761017, 0.016187645960599184, 0.016138886101543903, 0.01612472953274846, 0.01606175722554326, 0.016044271178543568, 0.016029374208301306], "l_illsm": [0.10031234472990036, 0.06872772052884102, 0.03611994720995426, 0.02771158143877983, 0.02636878937482834, 0.023288235068321228, 0.020072628743946552, 0.01778210885822773, 0.015587671659886837, 0.013757799752056599, 0.012145538814365864, 0.01088168565183878, 0.009952536784112453, 0.009245177265256643, 0.008631155593320727, 0.008165603969246149, 0.007760423701256514, 0.007448322605341673, 0.007146012270823121, 0.00689854403026402]}}