{"training": {"l_dce": [0.623076931374972, 0.3449504877455899, 0.29122554119981703, 0.28055049937035215, 0.27449395287720885, 0.2699823202412637, 0.26707947913740504, 0.2648351754321427, 0.2626483748193647, 0.26114228190701516], "l_noise": [0.0419917888634029, 0.09590514517984673, 0.11143327900590222, 0.11081144031992213, 0.11018038586881317, 0.10989168649692027, 0.1096257418241413, 0.10929942473036344, 0.10928476278166302, 0.10916709406759406]}, "validation": {"l_dce": [0.4758372828364372, 0.31110854819417, 0.299209289252758, 0.2892608046531677, 0.2852808050811291, 0.2785603180527687, 0.2764456458389759, 0.2704172134399414, 0.2676068805158138, 0.2655298039317131], "l_noise": [0.034266562201082706, 0.08345062285661697, 0.0806754631921649, 0.08083066903054714, 0.07968428544700146, 0.0809989906847477, 0.08046189695596695, 0.08237811923027039, 0.08293322660028934, 0.08325869031250477]}}