{"training": {"l_cc": [0.019718302598940668, 0.03842682410489585, 0.04006129679590708, 0.038907311803310134, 0.04023624252008855, 0.03917144941257649, 0.03809347551041206, 0.03800513661756623, 0.03767409071814819, 0.037101717253566764, 0.0368872595660877, 0.03623673388520714, 0.035690099855915446, 0.03532569238641223, 0.03593347424671787, 0.03418186830631534, 0.034954334349661574, 0.034507114982201915, 0.034712975455417495, 0.03507590675573857, 0.03371871653638902], "l_exp": [0.1363893826110441, 0.0972075517304608, 0.09336044321783253, 0.09259156864441809, 0.08846122380651411, 0.085716718533, 0.08764286314854856, 0.08489949011900386, 0.08464428245044145, 0.08357128745219747, 0.08305674473770329, 0.08214310978035458, 0.08229891674928978, 0.08201610925989072, 0.08039355033733805, 0.08250855434624875, 0.08093066128795265, 0.08091098473208849, 0.08071260661131045, 0.07966397635516573, 0.08090264319640691], "l_spcon": [0.0021770958634828065, 0.004892955961652467, 0.005409497508137929, 0.005602783305936905, 0.006140933047644183, 0.006554578888978138, 0.006297114297564401, 0.006669365747480608, 0.006732301191106195, 0.006910921066816225, 0.007027940534543795, 0.0072002682346301, 0.007201061255802385, 0.007247186739180908, 0.007523446214064712, 0.007270468990547491, 0.007469794552651097, 0.007479732940126149, 0.007503783124208939, 0.007718638448258404, 0.00751037403299916], "l_illsm": [0.013843668632392512, 0.004771703312204021, 0.00394516266867152, 0.004052004935296222, 0.004337081559704708, 0.004673446045776249, 0.004972496653952804, 0.005252137930956898, 0.005699486351480372, 0.005916020855857212, 0.0061790952497146655, 0.0063949849143563236, 0.00655361327159478, 0.006734716923540977, 0.0073279741250711385, 0.007060167837704792, 0.006993663962930441, 0.00714518782896463, 0.007214148811324209, 0.007511589263916992, 0.007510763676989762]}, "validation": {"l_cc": [0.03405521251261234, 0.03564556874334812, 0.03960944339632988, 0.038507165387272835, 0.033993459306657314, 0.03342179488390684, 0.029279996640980244, 0.027846839278936386, 0.027816754765808582, 0.02724443469196558, 0.025950785726308823, 0.026479490101337433, 0.026372323743999004, 0.026783164590597153, 0.0289724413305521, 0.025222416035830975, 0.025710582733154297, 0.02699145395308733, 0.026923973113298416, 0.024359457194805145, 0.02760899718850851], "l_exp": [0.10596273094415665, 0.08445058763027191, 0.08218849077820778, 0.07792693749070168, 0.07451822236180305, 0.07487111538648605, 0.07246716693043709, 0.07296378165483475, 0.07258259132504463, 0.07175365462899208, 0.07156483083963394, 0.07103817537426949, 0.07052658498287201, 0.07038779556751251, 0.07273005694150925, 0.07183624058961868, 0.07043766230344772, 0.06923476606607437, 0.06937837600708008, 0.0718933567404747, 0.06855544075369835], "l_spcon": [0.0031076149316504598, 0.0053557155188173056, 0.005809794180095196, 0.006447813007980585, 0.007101732771843672, 0.0070183719508349895, 0.007554176962003112, 0.00749260513111949, 0.0076470517087727785, 0.007841580780223012, 0.007831372553482652, 0.007994559360668063, 0.008073338074609637, 0.008180794538930058, 0.007675815373659134, 0.00787970912642777, 0.008229252183809876, 0.008435188559815288, 0.008547614328563213, 0.007853426737710834, 0.008506937650963664], "l_illsm": [0.005358317634090781, 0.00357713142875582, 0.0034997978946194053, 0.0035886276746168733, 0.004404755076393485, 0.0040716687217354774, 0.004520413465797901, 0.004714026581496, 0.00531952828168869, 0.005212853662669659, 0.005716316634789109, 0.005748371127992868, 0.006010032724589109, 0.0060800048522651196, 0.0069383252412080765, 0.006535713793709874, 0.006645160028710961, 0.006574620027095079, 0.006885178154334426, 0.007060721283778548, 0.006814067484810948]}}