{"training": {"l_cc": [0.038073871595800286, 0.09961052529025273, 0.12247810060860681, 0.17108466488416077, 0.18476764668450982, 0.19289718739321973, 0.1944503005227593, 0.19679028403441437, 0.19989030649427508, 0.20172247919635694, 0.2024763006045193, 0.20337168738001682, 0.20437123082944605, 0.20556774491169413, 0.205360083306422, 0.201088263424205, 0.20014332555478714, 0.20129295637006642, 0.19943669297900357, 0.19603943504148819], "l_exp": [1.3951473592734727, 0.6085311467530298, 0.4192562011665985, 0.22941153646126144, 0.18777059885810632, 0.16929277115058702, 0.15824359675228108, 0.1499398884012318, 0.14125525527710064, 0.13714468781454642, 0.13029988789472913, 0.12195863887728726, 0.11508196741953249, 0.11020956215921973, 0.10598586528699418, 0.10446596592206692, 0.10293300023882604, 0.10066199896582326, 0.09768364099846756, 0.09691462681063863], "l_spcon": [0.0039737462481630025, 0.015342019635756484, 0.01330370552166075, 0.013045532781569684, 0.012927641840193604, 0.012802431772111869, 0.012830010233599632, 0.012971690268118362, 0.01318708750739938, 0.013418874856023515, 0.013762260687949716, 0.014112789794558385, 0.014564846596512639, 0.015031847881428043, 0.015340118302551449, 0.015455201695688436, 0.01581120973483461, 0.01612589177751883, 0.01641412870195068, 0.016444957776941726], "l_illsm": [0.011925201408839861, 0.03405203068720513, 0.040606811764787455, 0.0634093525834748, 0.06831327154011023, 0.06980372690519349, 0.0695852669658231, 0.06824593997148216, 0.06615540684490907, 0.063391169258317, 0.06052041615619034, 0.059156206604398666, 0.05682932078594067, 0.05395977064722874, 0.05199252890392405, 0.05112940076066822, 0.048973303410362025, 0.047199716028131423, 0.046229905219840224, 0.04578779140090356]}, "validation": {"l_cc": [0.0648608673363924, 0.06468698754906654, 0.09056789800524712, 0.11008302122354507, 0.11741948127746582, 0.11682367324829102, 0.11659504845738411, 0.11534959450364113, 0.11864081770181656, 0.11745534464716911, 0.11676739528775215, 0.11382879689335823, 0.11379392445087433, 0.11326371505856514, 0.11309516802430153, 0.11230682581663132, 0.11126706749200821, 0.11067293956875801, 0.11118324846029282, 0.11005057394504547], "l_exp": [0.5895417630672455, 0.4536909908056259, 0.24538889527320862, 0.1716824769973755, 0.14690382033586502, 0.1361660286784172, 0.1289268508553505, 0.12576205283403397, 0.11899390816688538, 0.11434920132160187, 0.10903734713792801, 0.1042637974023819, 0.1021508127450943, 0.10026317834854126, 0.09468346834182739, 0.09188582375645638, 0.09366754069924355, 0.09238972887396812, 0.08921464160084724, 0.08762069419026375], "l_spcon": [0.021460795775055885, 0.016429660376161337, 0.013151482213288546, 0.014710862189531326, 0.014838752336800098, 0.014322795439511538, 0.014242153614759445, 0.014117485843598843, 0.015025962609797716, 0.015010781586170197, 0.015499647241085768, 0.015903908293694258, 0.016409126110374928, 0.01644203159958124, 0.01698181126266718, 0.017095287330448627, 0.017174367792904377, 0.017262011766433716, 0.017665591090917587, 0.017638429068028927], "l_illsm": [0.04367305524647236, 0.03561851195991039, 0.054278332740068436, 0.06907685473561287, 0.07210717350244522, 0.07047944888472557, 0.06901900842785835, 0.06637907400727272, 0.06445695646107197, 0.06116737797856331, 0.058289529755711555, 0.05550364963710308, 0.05253884568810463, 0.050344767048954964, 0.04876277223229408, 0.04749042168259621, 0.045183541253209114, 0.04456058330833912, 0.04353434778749943, 0.042876334860920906]}}