{"training": {"l_cc": [0.014548292573442163, 0.021269881174151527, 0.02201635237080885, 0.022608337137603858, 0.0222528662311188, 0.021713975641387898, 0.022099930514413557, 0.02206749121704307, 0.02198647255780267, 0.021838490057309142, 0.021964887210519098, 0.021875829909180033, 0.021917897322383084, 0.02188841882161796, 0.021860333426748632, 0.021745192925216723, 0.0217034786206777, 0.021709558653232992, 0.021825653642080115, 0.02171039471753919], "l_exp": [0.46164573216047444, 0.24083474657086076, 0.2410998878176095, 0.2374286250989945, 0.23681673285413962, 0.23546797452402896, 0.23521013753335984, 0.23485141027657713, 0.23354757027547868, 0.2340688248638247, 0.23276482766768972, 0.23289376289629546, 0.2321773272801618, 0.23214176956747398, 0.23128484165082214, 0.23107980387132676, 0.2312416798267208, 0.23063053911338088, 0.23008497560121974, 0.2299129504893647], "l_spcon": [0.006683426285445928, 0.016054450534284115, 0.016077992613198328, 0.016286898572303234, 0.016336722146780766, 0.016445210310401488, 0.016482744152184394, 0.01653758190633332, 0.016619383311662517, 0.016632864618154823, 0.016700864525237044, 0.016704484820365906, 0.016773091888696443, 0.016761411103557368, 0.016798153947122762, 0.0167928544468567, 0.016791316955426676, 0.016856341271615418, 0.016937182284891605, 0.01688440931869335], "l_illsm": [0.08094304632090155, 0.01963921447024971, 0.01400453443104615, 0.012165228790435636, 0.011279158004116817, 0.010621376266916756, 0.010184788503913118, 0.009609108722051148, 0.009562275479318665, 0.009061310371597771, 0.009213326552302623, 0.008807401737717331, 0.008792972489886109, 0.008761490832586757, 0.008734909657266785, 0.008593533936216206, 0.008657488223837047, 0.008638818923872514, 0.008338403010160709, 0.008531428835370013], "l_ssim_contrast": [0.09649740281652232, 0.1885011860581695, 0.18804636939627226, 0.19001657063843774, 0.19027063103972888, 0.1912889910525963, 0.19161857933294577, 0.19204488738638456, 0.1928959830862577, 0.19274195686715548, 0.19343897162890825, 0.1934379632355737, 0.1940718596098853, 0.1941234010164855, 0.19477574942541903, 0.1949228615057273, 0.1946673197824447, 0.19532368222221, 0.19603402497338468, 0.19583317881724874]}, "validation": {"l_cc": [0.013824759982526302, 0.01692968187853694, 0.016590481158345938, 0.014518794603645802, 0.013785143382847309, 0.013373360503464937, 0.013179982779547572, 0.013503924710676074, 0.01323451311327517, 0.013092252425849438, 0.012752789072692394, 0.012467939872294664, 0.012218674411997199, 0.012078415136784315, 0.011994817992672324, 0.011820532148703933, 0.01172765577211976, 0.011385477846488357, 0.011786938644945621, 0.011896152282133698], "l_exp": [0.2517485097050667, 0.2319970279932022, 0.21983591467142105, 0.22490637749433517, 0.23343384265899658, 0.23671141266822815, 0.23658698797225952, 0.2278643548488617, 0.22829705476760864, 0.23062314093112946, 0.23111461848020554, 0.23291389644145966, 0.23753632605075836, 0.23754701018333435, 0.2379007339477539, 0.23575909435749054, 0.23749351501464844, 0.24086067080497742, 0.23891006410121918, 0.2386058196425438], "l_spcon": [0.013219227083027363, 0.014155656099319458, 0.015141216572374105, 0.014854217413812876, 0.014351225458085537, 0.014143290463835001, 0.014209180604666471, 0.014743749983608723, 0.014778591226786375, 0.014690452720969915, 0.014702708926051855, 0.014618223533034325, 0.01435462711378932, 0.014319279696792364, 0.014290595427155495, 0.014508565422147512, 0.01438977476209402, 0.014315167907625437, 0.014326164964586496, 0.014278150629252195], "l_illsm": [0.02412408124655485, 0.016662683803588152, 0.012270996812731028, 0.010612883139401674, 0.008879250846803188, 0.009195106569677591, 0.00891314772889018, 0.01065749954432249, 0.010239291470497847, 0.008926257025450468, 0.00872802734375, 0.008535357192158699, 0.0078269278164953, 0.008072907570749521, 0.007736758096143603, 0.007589259184896946, 0.008079258259385824, 0.006665877066552639, 0.0068052641581743956, 0.0073477644473314285], "l_ssim_contrast": [0.1636255979537964, 0.1764582395553589, 0.18590033054351807, 0.18114852905273438, 0.17466259002685547, 0.1721569299697876, 0.17230892181396484, 0.1781851053237915, 0.1779388189315796, 0.17673873901367188, 0.17643511295318604, 0.17505788803100586, 0.17191720008850098, 0.17156362533569336, 0.17108917236328125, 0.17281842231750488, 0.17130959033966064, 0.17002129554748535, 0.1707395315170288, 0.17047154903411865]}}