{"training": {"l_cc": [0.027433603851231517, 0.060076545374315296, 0.07878484296017006, 0.08352421260759478, 0.08149324510185445, 0.0813408199331311, 0.08103106164785683, 0.08080670597856163, 0.08072979247472326, 0.08033720400856166], "l_exp": [1.7737305555187288, 1.2415281074946043, 0.8164095126214574, 0.7180072342763182, 0.7102050219402939, 0.7068792894238332, 0.7062770895293502, 0.7056217862934363, 0.7041806993914432, 0.7048364086229293], "l_spcon": [0.000672941133019344, 0.0037844947712938684, 0.010856671159567892, 0.013630483101015209, 0.01392039771145973, 0.014001852931973875, 0.014027238823473454, 0.01400889656277465, 0.014070321645465542, 0.014064890943223336], "l_illsm": [0.22808186233532232, 0.2429608968926258, 0.11444896587827166, 0.05019015498215058, 0.03867923312622015, 0.03335615842923766, 0.029980545588692682, 0.02748644819147274, 0.02577208344381852, 0.024143363425477606], "l_ssim_contrast": [0.0, 0.0, 0.0, 0.0, 0.0, 0.0, 0.0, 0.0, 0.0, 0.0], "l_tv": [0.05005933506200548, 0.1559214839314828, 0.3501027302175272, 0.41593964764329255, 0.42161734768601716, 0.4230995884195703, 0.42268081204813035, 0.42248546051197367, 0.42349784076213837, 0.4229010394850715]}, "validation": {"l_cc": [0.039067286998033524, 0.06492066010832787, 0.06652896851301193, 0.06009325757622719, 0.05872935615479946, 0.05764443427324295, 0.05839088186621666, 0.05990569293498993, 0.060927363112568855, 0.06223033182322979], "l_exp": [1.480412781238556, 1.0112023949623108, 0.752400130033493, 0.7444441020488739, 0.7553631961345673, 0.7665022015571594, 0.7624078989028931, 0.7559977769851685, 0.7469350397586823, 0.7381634712219238], "l_spcon": [0.0013893319992348552, 0.0055842644069343805, 0.010774793103337288, 0.011178664397448301, 0.011020533740520477, 0.010828002355992794, 0.010885943658649921, 0.010963876731693745, 0.011163095477968454, 0.011345210019499063], "l_illsm": [0.24388734996318817, 0.16202102601528168, 0.05619029141962528, 0.0398260485380888, 0.03329773619771004, 0.029512571170926094, 0.02642802521586418, 0.024314479902386665, 0.022889024578034878, 0.021943540312349796], "l_ssim_contrast": [0.0, 0.0, 0.0, 0.0, 0.0, 0.0, 0.0, 0.0, 0.0, 0.0], "l_tv": [0.07882529497146606, 0.20304089784622192, 0.3329007774591446, 0.33980658650398254, 0.3323957920074463, 0.32518690824508667, 0.32681480050086975, 0.3293566554784775, 0.33400824666023254, 0.3384654074907303]}}