{"training": {"l_cc": [0.06830450273347927, 0.054234729499601925, 0.04938618586108577, 0.04694650206928615, 0.04442652867587864, 0.041130227010055885, 0.03717989701258599, 0.03307005928325482, 0.03007343844281601, 0.029667105434126543], "l_exp": [0.40345830116115633, 0.40399438826764217, 0.40429167864752596, 0.4040459057346719, 0.40359961107128955, 0.40286937258282646, 0.4015415877592368, 0.39951034256669343, 0.3963628753286893, 0.392597493578176], "l_spcon": [8.932243669777727e-05, 9.160227183783121e-05, 8.890820038791165e-05, 8.225802945967413e-05, 7.450670759159248e-05, 6.56922178468896e-05, 5.445808117238797e-05, 4.502041153247148e-05, 4.600092615575823e-05, 6.778133105339681e-05], "l_illsm": [0.03813416193254658, 0.03008276115736512, 0.024846618445437462, 0.021392255609274886, 0.01860521697118634, 0.016660994804296336, 0.015590384999503855, 0.015079803841158014, 0.015327756873286162, 0.015447083623988217]}, "validation": {"l_cc": [0.04466761834919453, 0.040177601389586926, 0.038684600964188576, 0.03650724608451128, 0.03310100734233856, 0.029623319394886494, 0.026618314906954765, 0.023802832700312138, 0.02781654614955187, 0.026340405456721783], "l_exp": [0.4036800265312195, 0.40480706095695496, 0.40500408411026, 0.4047620892524719, 0.40413641929626465, 0.40319474041461945, 0.4015670269727707, 0.3984963595867157, 0.39439624547958374, 0.3917371481657028], "l_spcon": [8.576602704124525e-05, 9.022659651236609e-05, 8.33492013043724e-05, 7.769995863782242e-05, 6.824441879871301e-05, 5.554066228796728e-05, 3.948789344576653e-05, 2.504735311958939e-05, 2.9007506782363635e-05, 5.200255873205606e-05], "l_illsm": [0.03455678466707468, 0.02802684437483549, 0.023540647700428963, 0.020492130890488625, 0.018030237406492233, 0.01662508537992835, 0.015879760030657053, 0.01573451841250062, 0.016519539523869753, 0.016145852860063314]}}