{"training": {"l_cc": [0.12138820454844686, 0.465903745322931, 0.7377359613043363, 0.7506925533296632, 0.7529165189041466, 0.7500252574682236, 0.7572234441510967, 0.7261052060811246, 0.7232801483058539, 0.7136403619021666], "l_exp": [3.760827103599173, 2.6299536628801317, 2.009082763898568, 1.948343298474296, 1.890122082389769, 1.8337178484338228, 1.7487691963305239, 1.7095189319282282, 1.6578437129005057, 1.6028850840740516], "l_spcon": [0.0005128851825821719, 0.03157063962445121, 0.04534868068504529, 0.045120463095849654, 0.04628755338490009, 0.04832059108331555, 0.052684345114670815, 0.053538858798927946, 0.05666181781008595, 0.06001067805852069], "l_illsm": [0.027883453630521648, 0.10185072039727305, 0.14187820219114178, 0.13833908358069716, 0.1354563035925881, 0.13631670860970607, 0.13937789091809852, 0.13682160941792315, 0.13519275090733512, 0.13760257585615407]}, "validation": {"l_cc": [0.12414603680372238, 0.577242374420166, 0.6362007558345795, 0.6272813975811005, 0.6819761097431183, 0.6876465380191803, 0.6783317625522614, 0.7069684267044067, 0.6700577139854431, 0.6712599396705627], "l_exp": [3.4955016374588013, 1.733724594116211, 1.5654613971710205, 1.5158929228782654, 1.5126343965530396, 1.4966061115264893, 1.4231813549995422, 1.4021304249763489, 1.3795561790466309, 1.3459805846214294], "l_spcon": [0.0015127952210605145, 0.053500331938266754, 0.06152576953172684, 0.06326941587030888, 0.06315081380307674, 0.06389838084578514, 0.06592746078968048, 0.0666101761162281, 0.06912020593881607, 0.06818364560604095], "l_illsm": [0.03142084367573261, 0.16273240745067596, 0.17133767902851105, 0.16608600318431854, 0.157231405377388, 0.15627845376729965, 0.15394870936870575, 0.14516587555408478, 0.1434859186410904, 0.1490575075149536]}}